punkt_id;x;y
1;8.36093;49.03174
2;8.39876;49.00644
